{
  "RELIANCE.NS": {
    "2021-01": 0.0331773072029462,
    "2021-02": 0.07284786816848876,
    "2021-03": 0.048565245445659176,
    "2021-04": 0.0,
    "2021-05": 0.4195836192138729,
    "2021-06": 0.014812558226806575,
    "2021-07": 0.06626860944085108,
    "2021-08": 0.02103678197310482,
    "2021-09": 0.0,
    "2021-10": 0.07506596939264586,
    "2021-11": 0.022527033956870335,
    "2021-12": 0.0933729305244051,
    "2022-01": 0.036195915980262484,
    "2022-02": 0.0,
    "2022-03": 0.0,
    "2022-04": 0.1508744387847312,
    "2022-05": 0.013310477517227758,
    "2022-06": 0.002906382231211415,
    "2022-07": -0.04499251843024196,
    "2022-08": 0.027106943480528667,
    "2022-09": -0.03380324866291115,
    "2022-10": 0.03027016675693134,
    "2022-11": 0.09984813089074991,
    "2022-12": -0.10812667804293628,
    "2023-01": 0.0166791821159577,
    "2023-02": 0.09131772642889552,
    "2023-03": -0.008805589380916645,
    "2023-04": 0.09594668762895378,
    "2023-05": 0.035547473635385365,
    "2023-06": -0.0191333826616451,
    "2023-07": 0.04157640263169302,
    "2023-08": 0.0,
    "2023-09": 0.005500003068008416,
    "2023-10": 0.10210726595331865,
    "2023-11": 0.029808689289919366,
    "2023-12": 0.03211407243130227,
    "2024-01": 0.1656112327708718,
    "2024-02": 0.153933560888629,
    "2024-03": -0.003941993714576604,
    "2024-04": -0.031662413521268744,
    "2024-05": -0.06792820807340881,
    "2024-06": -0.13390593582313398,
    "2024-07": 0.03060129590938728,
    "2024-08": -0.015501247248615412,
    "2024-09": -0.007708845665904018,
    "2024-10": 0.07219774561528429,
    "2024-11": -0.009478807566861223,
    "2024-12": 0.033193659422853
  },
  "TCS.NS": {
    "2021-01": 0.1932335611763316,
    "2021-02": 0.037965267253052194,
    "2021-03": 0.0316905456214792,
    "2021-04": 0.010156728114992367,
    "2021-05": 0.0,
    "2021-06": 0.044201871869114964,
    "2021-07": 0.03793833182353374,
    "2021-08": -0.016641224511788167,
    "2021-09": 0.025673175403333873,
    "2021-10": 0.1086534616841716,
    "2021-11": -0.06496113084453205,
    "2021-12": 0.2800938764918508,
    "2022-01": 0.0,
    "2022-02": 0.0,
    "2022-03": -0.06568350629401369,
    "2022-04": 0.08195127149164136,
    "2022-05": 0.04482945733445462,
    "2022-06": 0.024886643752758005,
    "2022-07": 0.07726796295393604,
    "2022-08": 0.05785826299364939,
    "2022-09": 0.003782371202233828,
    "2022-10": 0.02455642932929719,
    "2022-11": 0.020866082502943556,
    "2022-12": -0.027508384403886664,
    "2023-01": 0.07494452772342113,
    "2023-02": 0.0,
    "2023-03": -0.0446770017756133,
    "2023-04": 0.009167895737313837,
    "2023-05": 0.06848829482167164,
    "2023-06": 0.05547735268598865,
    "2023-07": 0.03394564910528842,
    "2023-08": -0.004421161861117614,
    "2023-09": 0.02432195564526367,
    "2023-10": 0.07108863600766782,
    "2023-11": 0.1814731141066052,
    "2023-12": 0.0271793502729042,
    "2024-01": 0.06433366729947716,
    "2024-02": -0.030103602277287204,
    "2024-03": -0.005062963535953121,
    "2024-04": 0.04636907222876346,
    "2024-05": 0.0,
    "2024-06": -0.042216551361691654,
    "2024-07": 0.19198669225113157,
    "2024-08": 0.09868910206890598,
    "2024-09": 0.11882315350822585,
    "2024-10": 0.028207190961324624,
    "2024-11": 0.061398424577125486,
    "2024-12": 0.04695470564389992
  },
  "HDFCBANK.NS": {
    "2021-01": 0.1328073540535698,
    "2021-02": 0.0,
    "2021-03": 0.045679880294115835,
    "2021-04": 0.0,
    "2021-05": 0.0,
    "2021-06": 0.0,
    "2021-07": 0.1242867094979712,
    "2021-08": 0.0,
    "2021-09": 0.0,
    "2021-10": -0.08966294912669079,
    "2021-11": -0.17021171657338705,
    "2021-12": -0.02413405231512549,
    "2022-01": -0.04117730214149647,
    "2022-02": -0.1870532539314032,
    "2022-03": -0.14951796690504765,
    "2022-04": -0.05758949393713198,
    "2022-05": -0.043640370849445484,
    "2022-06": -0.14373927657863322,
    "2022-07": 0.06083020234769342,
    "2022-08": -0.1395549822142773,
    "2022-09": -0.1547839060918759,
    "2022-10": -0.10337371614960485,
    "2022-11": 0.06160371891330038,
    "2022-12": -0.33642301289560317,
    "2023-01": -0.050233049560681815,
    "2023-02": -0.11306893039212831,
    "2023-03": 0.0817166493474954,
    "2023-04": 0.029306094031711097,
    "2023-05": -0.0047061731088754374,
    "2023-06": -0.0019190110468906643,
    "2023-07": 0.0149010457143093,
    "2023-08": -0.039651059951639436,
    "2023-09": 0.00012751982169820604,
    "2023-10": -0.09357293999285377,
    "2023-11": -0.027751568826090957,
    "2023-12": 0.0021930824979805126,
    "2024-01": -0.10528434021133282,
    "2024-02": 0.03365064496760609,
    "2024-03": -0.04972710585275433,
    "2024-04": 0.14128253168022298,
    "2024-05": -0.14676242572761897,
    "2024-06": -0.0431610439748542,
    "2024-07": 0.10607809001566408,
    "2024-08": -0.08022765896692792,
    "2024-09": -0.10529938068444081,
    "2024-10": 0.07800378411954871,
    "2024-11": 0.05321898558920481,
    "2024-12": 0.10515273969180022
  },
  "INFY.NS": {
    "2021-01": 0.0,
    "2021-02": 0.0,
    "2021-03": 0.0,
    "2021-04": 0.0,
    "2021-05": 0.0,
    "2021-06": 0.0,
    "2021-07": 0.0,
    "2021-08": 0.0,
    "2021-09": 0.0,
    "2021-10": 0.0,
    "2021-11": 0.0,
    "2021-12": 0.0,
    "2022-01": 0.0,
    "2022-02": 0.0,
    "2022-03": 0.0,
    "2022-04": -0.27395317928668655,
    "2022-05": 0.0,
    "2022-06": 0.0,
    "2022-07": 0.0,
    "2022-08": 0.0,
    "2022-09": 0.0,
    "2022-10": 0.4482940077114443,
    "2022-11": 0.0,
    "2022-12": 0.0,
    "2023-01": 0.0,
    "2023-02": 0.243962491324758,
    "2023-03": 0.0,
    "2023-04": 0.10855684635863569,
    "2023-05": 0.0,
    "2023-06": 0.05961737857983873,
    "2023-07": -0.20866082502943556,
    "2023-08": 0.0,
    "2023-09": 0.08710325313465302,
    "2023-10": 0.0782723369390533,
    "2023-11": 0.0,
    "2023-12": 0.0,
    "2024-01": 0.625159616394087,
    "2024-02": 0.0,
    "2024-03": 0.121981245662379,
    "2024-04": 0.18401608458522173,
    "2024-05": 0.0,
    "2024-06": 0.16075636876581717,
    "2024-07": 0.0,
    "2024-08": 0.0,
    "2024-09": 0.004152520867071802,
    "2024-10": 0.05515552594564306,
    "2024-11": -0.11949876032482501,
    "2024-12": 0.06332482704253749
  }
}